,curr_iteration,loss,viol,best_loss,temp,accept,move_gen,move_type,move_target,move_dur,elapsed,retry
0,0,25.6298424017,3,,3.0,True,propose_addition,Addition,,0.0652005420015,0.0683300830024,0.0
1,1,25.6298424017,3,,2.73032248624,,propose_rotate,,,7.77500026743e-05,0.0686335419996,
2,2,27.7048217946,2,,2.48488695962,True,propose_addition,Addition,,0.070443208002,0.139139750001,0.0
3,3,29.5190499213,1,,2.26151424721,True,propose_addition,Addition,,0.0648052910001,0.204064375001,0.0
4,4,29.5190499213,1,,2.05822106737,False,propose_addition,Addition,,0.0699221670002,0.274098042002,0.0
5,5,29.5190499213,1,,1.87320242063,False,propose_addition,Addition,,0.483856708001,0.758067041999,0.0
6,6,-2.83690383474,1,,1.70481556344,True,propose_addition,Addition,,0.0910729999996,0.849452500002,0.0
7,7,-2.83690383474,1,,1.55156542259,False,propose_deletion,Deletion,,0.0505536669989,0.900122125,0.0
8,8,-2.83690383474,1,,1.41209132072,False,propose_addition,Addition,,0.176145334,1.07642225,2.0
9,9,-2.83690383474,1,,1.2851548952,False,propose_addition,Addition,,0.162200875002,1.2387345,1.0
10,10,-2.8360687124,1,,1.16962910289,True,propose_addition,Addition,,0.0749817920005,1.313833125,0.0
11,11,-2.8360687124,1,,1.06448821339,False,propose_relation_plane_change,RelationPlaneChange,,0.0473115000023,1.361337042,0.0
12,12,-2.8360687124,1,,0.968798701788,False,propose_deletion,Deletion,,0.0459779170014,1.407430042,0.0
13,13,-2.8360687124,1,,0.881710960044,False,propose_addition,Addition,,0.124518459001,1.5321625,1.0
14,14,-2.78169403149,1,,0.802451753525,True,propose_deletion,Deletion,,0.043522584001,1.575794292,0.0
15,15,-2.78169403149,1,,0.730317355591,False,propose_addition,Addition,,0.0741382920023,1.65005325,0.0
16,16,-2.78169403149,1,,0.664667299354,False,propose_addition,Addition,,0.0774507910028,1.727728208,0.0
17,17,-2.78169403149,1,,0.604918691098,False,propose_relation_plane_change,RelationPlaneChange,,0.033868333001,1.761704958,0.0
18,18,-2.78169403149,1,,0.550541034884,False,propose_addition,Addition,,0.0693654169991,1.831186417,0.0
19,19,-2.78169403149,1,,0.501051522381,False,propose_addition,Addition,,0.120137458001,1.951443917,1.0
20,20,-2.78169403149,1,,0.456010746108,False,propose_addition,Addition,,0.0716677500022,2.023340417,0.0
21,21,-2.78169403149,1,,0.415018798022,False,propose_relation_plane_change,RelationPlaneChange,,0.0326333749981,2.056111542,0.0
22,22,-2.78169403149,1,,0.377711718817,,propose_rotate,,,0.000189834001503,2.05641825,
23,23,-2.78169403149,1,,0.343758266401,False,propose_addition,Addition,,0.122052917002,2.178528375,1.0
24,24,-2.78169403149,1,,0.312856974862,False,propose_addition,Addition,,0.201973000003,2.380721167,3.0
25,25,-2.78169403149,1,,0.284733477814,False,propose_addition,Addition,,0.0715379169997,2.452379792,0.0
26,26,-2.78169403149,1,,0.259138072354,False,propose_addition,Addition,,0.0713917920002,2.52388975,0.0
27,27,-2.78169403149,1,,0.235843501996,False,propose_addition,Addition,,0.457110958003,2.981128958,0.0
28,28,-2.78169403149,1,,0.214642938912,False,propose_addition,Addition,,1.014347292,3.995711125,2.0
29,29,-2.78169403149,1,,0.195348147541,False,propose_addition,Addition,,0.102598374997,4.098443625,0.0
30,30,-2.78169403149,1,,0.177787813292,False,propose_addition,Addition,,0.0732098330009,4.17177825,0.0
31,31,-2.79840622623,1,,0.161806021471,True,propose_relation_plane_change,RelationPlaneChange,,0.0262325830008,4.1982325,0.0
32,32,-2.79840622623,1,,0.147260872943,False,propose_deletion,Deletion,,0.0439045420026,4.242340667,0.0
33,33,-2.79840622623,1,,0.134023224247,False,propose_addition,Addition,,0.139142,4.381599625,0.0
34,34,-2.79840622623,1,,0.121975540947,False,propose_resample,Resample,,0.0371843339999,4.418900375,0.0
35,35,-2.79840622623,1,,0.111010854073,False,propose_addition,Addition,,0.0829820409999,4.502002625,0.0
36,36,-2.79840622623,1,,0.101031810364,False,propose_addition,Addition,,0.120771374997,4.623081958,0.0
37,37,-2.79840622623,1,,0.0919498078874,False,propose_addition,Addition,,0.251559417,4.874792167,0.0
38,38,-2.79840622623,1,,0.0836842093601,False,propose_addition,Addition,,0.0761590409966,4.951181167,0.0
39,39,-2.79840622623,1,,0.0761616261864,False,propose_addition,Addition,,0.0621977920018,5.013523542,0.0
40,40,-2.79840622623,1,,0.0693152668552,False,propose_addition,Addition,,0.0739287079996,5.087595542,0.0
41,41,-2.79840622623,1,,0.0630843439115,False,propose_addition,Addition,,0.264390166998,5.352145542,0.0
42,42,-2.79840622623,1,,0.0574135342371,False,propose_addition,Addition,,0.155385916998,5.507665875,1.0
43,43,-2.79840622623,1,,0.0522524878474,False,propose_addition,Addition,,0.150292458999,5.6580825,0.0
44,44,-2.79840622623,1,,0.0475553808439,False,propose_addition,Addition,,0.511262833003,6.169464167,2.0
45,45,-3.12521919301,1,,0.0432805085533,True,propose_relation_plane_change,RelationPlaneChange,,0.0304315829999,6.200026417,0.0
46,46,-3.10390378602,1,,0.0393899152397,True,propose_reinit_pose,ReinitPoseMove,,0.0263720000003,6.226515333,0.0
47,47,-3.10390378602,1,,0.0358490571033,False,propose_addition,Addition,,0.171389958999,6.398021875,2.0
48,48,-3.10390378602,1,,0.0326264955733,False,propose_addition,Addition,,0.0803876249993,6.478543375,0.0
49,49,-3.10390378602,1,,0.0296936181703,False,propose_addition,Addition,,0.0931018330011,6.571867,0.0
50,50,-3.10390378602,1,,0.0270243844628,False,propose_resample,Resample,,0.0381405000007,6.610135458,0.0
51,51,-3.10390378602,1,,0.0245950948585,False,propose_addition,Addition,,0.0923815419992,6.702791292,0.0
52,52,-3.10390378602,1,,0.0223841801811,False,propose_addition,Addition,,0.627221792001,7.330147417,3.0
53,53,-3.10390378602,1,,0.0203720101615,False,propose_addition,Addition,,0.0804655829998,7.41073825,0.0
54,54,-3.10390378602,1,,0.0185407191447,False,propose_addition,Addition,,0.460238666001,7.871194,0.0
55,55,-3.10390378602,1,,0.0168740474639,False,propose_addition,Addition,,0.183633582998,8.054956042,2.0
56,56,-3.10390378602,1,,0.0153571970749,False,propose_addition,Addition,,0.0689350840003,8.124147958,0.0
57,57,-3.10390378602,1,,0.0139767001664,False,propose_addition,Addition,,0.127330792002,8.251693542,1.0
58,58,-3.10390378602,1,,0.0127202995826,False,propose_addition,Addition,,0.236673166,8.488504625,0.0
59,59,-3.10390378602,1,,0.011576839994,False,propose_addition,Addition,,0.121962708003,8.610641542,1.0
60,60,-3.10390378602,1,,0.0105361688518,False,propose_addition,Addition,,0.129312958998,8.740101708,1.0
61,61,-3.10390378602,1,,0.00958904624493,False,propose_addition,Addition,,0.0697010420008,8.809945875,0.0
62,62,-3.10390378602,1,,0.00872706286138,False,propose_addition,Addition,,0.0763825419999,8.886546167,0.0
63,63,-3.10390378602,1,,0.00794256532309,False,propose_addition,Addition,,0.072505250002,8.959189792,0.0
64,64,-3.10390378602,1,,0.00722858823335,False,propose_translate,TranslateMove,,0.031256708,8.990574833,0.0
65,65,-3.10390378602,1,,0.00657879233243,False,propose_translate,TranslateMove,,0.0350540840009,9.025754917,1.0
66,66,-3.10390378602,1,,0.00598740821252,False,propose_addition,Addition,,0.0749115420003,9.100813417,0.0
67,67,-3.10390378602,1,,0.00544918509232,False,propose_addition,Addition,,0.0724659160005,9.173416833,0.0
68,68,-3.19337996599,1,,0.00495934419641,True,propose_reinit_pose,ReinitPoseMove,,0.0301436249974,9.203700792,0.0
69,69,-3.19337996599,1,,0.00451353632549,False,propose_addition,Addition,,0.0989708750021,9.302782958,0.0
70,70,-3.43680786867,1,,0.00410780324065,True,propose_addition,Addition,,0.658841665998,9.961765292,3.0
71,71,-3.43680786867,1,,0.003738542519,,propose_rotate,,,0.000222083999688,9.9620975,
72,72,-3.89609489709,1,,0.00340247556847,True,propose_addition,Addition,,0.0688248330007,10.030981042,0.0
73,73,-3.89609489709,1,,0.00309661851782,False,propose_reinit_pose,ReinitPoseMove,,0.041512374999,10.072682458,0.0
74,74,-3.89609489709,1,,0.00281825572351,False,propose_addition,Addition,,0.0830861249997,10.155879833,0.0
75,75,-3.89609489709,1,,0.00256491565796,False,propose_addition,Addition,,0.189980042,10.345996833,1.0
76,76,-3.89609490801,1,,0.00233434896541,True,propose_translate,TranslateMove,,0.0297313339979,10.37596375,0.0
77,77,-3.89609490801,1,,0.00212450849033,,propose_rotate,,,0.000264416998107,10.37642525,
78,78,-3.89609490801,1,,0.00193353110112,False,propose_reinit_pose,ReinitPoseMove,,0.0381705839973,10.414692667,0.0
79,79,-3.89609490801,1,,0.00175972114775,False,propose_relation_plane_change,RelationPlaneChange,,0.0460945839986,10.460904,0.0
80,80,-3.89609490801,1,,0.0016015354064,False,propose_reinit_pose,ReinitPoseMove,,0.0356132079978,10.496628333,0.0
81,81,-3.89609490801,1,,0.00145756937754,False,propose_addition,Addition,,0.0767166250007,10.573488583,0.0
82,82,-3.89609490801,1,,0.00132654481558,False,propose_reinit_pose,ReinitPoseMove,,0.0404708329988,10.614150167,0.0
83,83,-3.89609490801,1,,0.00120729837966,False,propose_addition,Addition,,0.171499459,10.785762125,0.0
84,84,-3.89717737617,1,,0.00109877130453,True,propose_translate,TranslateMove,,0.0303321249994,10.816236667,0.0
85,85,-3.89797811716,1,,0.001,True,propose_translate,TranslateMove,,0.0294682079984,10.845826917,0.0
86,86,-3.89797811716,1,,0.001,False,propose_reinit_pose,ReinitPoseMove,,0.0265819999986,10.872538292,0.0
87,87,-3.89801308852,1,,0.001,True,propose_translate,TranslateMove,,0.0293922500023,10.902053625,0.0
88,88,-3.89801308852,1,,0.001,False,propose_reinit_pose,ReinitPoseMove,,0.0368027090008,10.9389795,0.0
89,89,-3.89801308852,1,,0.001,False,propose_resample,Resample,,0.0438929579977,10.982992417,0.0
90,90,-3.89801308852,1,,0.001,,propose_rotate,,,0.000270708002063,10.983383417,
91,91,-3.89801308852,1,,0.001,False,propose_relation_plane_change,RelationPlaneChange,,0.073579750002,11.057022333,0.0
92,92,-3.89807307719,1,,0.001,True,propose_translate,TranslateMove,,0.0294564590004,11.086662,0.0
93,93,-3.89807307719,1,,0.001,False,propose_translate,TranslateMove,,0.0347457090029,11.121530333,0.0
94,94,-3.89807307719,1,,0.001,False,propose_reinit_pose,ReinitPoseMove,,0.0371113330002,11.158782583,0.0
95,95,-3.89807307719,1,,0.001,False,propose_relation_plane_change,RelationPlaneChange,,0.0837804169969,11.24267675,1.0
96,96,-3.89807307719,1,,0.001,False,propose_addition,Addition,,0.0764249999993,11.319216833,0.0
97,97,-3.89807307719,1,,0.001,,propose_rotate,,,0.000285875001282,11.319641833,
98,98,-3.89807307719,1,,0.001,False,propose_relation_plane_change,RelationPlaneChange,,0.0376867920022,11.35738975,0.0
99,99,-3.89807375489,1,,0.001,True,propose_translate,TranslateMove,,0.0292131249989,11.38672125,0.0
100,0,-3.64222657208,3,,3.0,False,propose_addition,Addition,,0.376914791999,0.723010207999,0.0
101,1,-3.64222657208,3,,2.37057108349,,propose_translate,,,0.000302791999275,0.723572375002,
102,2,-2.64222657208,2,,1.87320242063,True,propose_addition,Addition,,0.0663278749998,0.790005416002,0.0
103,3,27.5750825027,1,,1.48018649729,True,propose_addition,Addition,,0.0734091669983,0.86359425,0.0
104,4,20.1130408616,1,,1.16962910289,True,propose_addition,Addition,,0.828711667,1.692521,0.0
105,5,20.1130408616,1,,0.92422964324,False,propose_addition,Addition,,0.126182583001,1.818839541,0.0
106,6,20.1130408616,1,,0.730317355591,False,propose_addition,Addition,,0.185580166999,2.004563625,2.0
107,7,20.1130408616,1,,0.577089734979,False,propose_addition,Addition,,0.12946575,2.134201791,0.0
108,8,20.1130408616,1,,0.456010746108,False,propose_addition,Addition,,0.116147917,2.250514041,0.0
109,9,20.1130408616,1,,0.360335296162,True,propose_addition,Addition,,0.108636124998,2.359334625,0.0
110,10,20.1130408616,1,,0.284733477814,False,propose_addition,Addition,,0.111750333002,2.471207208,0.0
111,11,20.1130408616,1,,0.22499364967,True,propose_relation_plane_change,RelationPlaneChange,,0.0508667499998,2.522207458,0.0
112,12,20.1130408616,1,,0.177787813292,False,propose_addition,Addition,,0.113765041002,2.636085625,0.0
113,13,20.1130408616,1,,0.140486216396,False,propose_relation_plane_change,RelationPlaneChange,,0.0610770830026,2.697298416,0.0
114,14,20.1130408616,1,,0.111010854073,True,propose_addition,Addition,,0.10173975,2.7991585,0.0
115,15,20.1130408616,1,,0.0877197068729,False,propose_addition,Addition,,0.156894250002,2.956167958,1.0
116,16,20.1130408616,1,,0.0693152668552,False,propose_addition,Addition,,0.270273875001,3.226583166,1.0
117,17,20.1130408616,1,,0.0547722557505,False,propose_addition,Addition,,0.115803916997,3.3425385,0.0
118,18,20.1130408616,1,,0.0432805085533,True,propose_addition,Addition,,0.105471250001,3.448150208,0.0
119,19,20.1130408616,1,,0.0341998406851,False,propose_addition,Addition,,0.117229457999,3.565498166,0.0
120,20,20.1130408616,1,,0.0270243844628,False,propose_addition,Addition,,0.112410708,3.678060916,0.0
121,21,20.1130408616,1,,0.0213544081189,False,propose_addition,Addition,,0.118339041997,3.796574166,0.0
122,22,20.1130408616,1,,0.0168740474639,False,propose_addition,Addition,,0.109010415999,3.905724166,0.0
123,23,20.1130408616,1,,0.0133337096598,False,propose_addition,Addition,,0.0970986249995,4.002959208,0.0
124,24,20.1130408616,1,,0.0105361688518,False,propose_addition,Addition,,0.179184375,4.182288625,0.0
125,25,20.1130408616,1,,0.00832557907026,False,propose_addition,Addition,,0.18153075,4.363969958,0.0
126,26,20.1130408616,1,,0.00657879233243,False,propose_relation_plane_change,RelationPlaneChange,,0.0656290829975,4.429755958,0.0
127,27,20.1130408616,1,,0.00519849828919,False,propose_addition,Addition,,0.265848250001,4.695722458,1.0
128,28,20.1130405906,1,,0.00410780324065,True,propose_translate,TranslateMove,,0.0526568749992,4.748515875,0.0
129,29,20.1130405906,1,,0.00324594652632,False,propose_addition,Addition,,0.119946874998,4.868588708,0.0
130,30,20.1130405906,1,,0.00256491565796,False,propose_addition,Addition,,0.113360084,4.982106958,0.0
131,31,20.1130405906,1,,0.00202677163012,False,propose_addition,Addition,,0.167129875001,5.149397791,1.0
132,32,20.1130405906,1,,0.0016015354064,False,propose_addition,Addition,,0.118800583001,5.268387041,0.0
133,33,20.1130405906,1,,0.0012655178412,False,propose_addition,Addition,,0.132876250002,5.401400541,0.0
134,34,20.1130405906,1,,0.001,True,propose_reinit_pose,ReinitPoseMove,,0.0209452919989,5.422508583,0.0
135,35,20.1130405906,1,,0.001,False,propose_addition,Addition,,0.125958416,5.548596291,0.0
136,36,20.1130405906,1,,0.001,False,propose_translate,TranslateMove,,0.060080457999,5.608827666,0.0
137,37,20.1130405906,1,,0.001,True,propose_translate,TranslateMove,,0.0528920830002,5.661845083,0.0
138,38,20.1130405906,1,,0.001,False,propose_addition,Addition,,0.0793494579993,5.741314916,0.0
139,39,20.1130405906,1,,0.001,False,propose_translate,TranslateMove,,0.0620711670017,5.803532041,0.0
140,0,19.3643546801,1,,3.0,True,propose_addition,Addition,,0.425564041001,0.770378958001,0.0
141,1,16.5872876952,0,,2.37057108349,True,propose_addition,Addition,,0.0853032499981,0.855828415999,0.0
142,2,16.5872876952,0,,1.87320242063,False,propose_addition,Addition,,0.0957756669995,0.951715208001,0.0
143,3,16.5872876952,0,,1.48018649729,False,propose_addition,Addition,,0.0963597500013,1.048228416,0.0
144,4,16.6233701324,0,,1.16962910289,True,propose_reinit_pose,ReinitPoseMove,,0.021532458999,1.06996425,0.0
145,5,16.3673510282,0,,0.92422964324,True,propose_addition,Addition,,0.137661375,1.20774175,0.0
146,6,16.4831836397,0,,0.730317355591,True,propose_addition,Addition,,0.0849214160007,1.292768875,0.0
147,7,16.4831836397,0,,0.577089734979,False,propose_addition,Addition,,0.0948732500001,1.387760666,0.0
148,8,16.4831836397,0,,0.456010746108,False,propose_addition,Addition,,0.0952116669978,1.483127833,0.0
149,9,16.4831836397,0,,0.360335296162,False,propose_addition,Addition,,0.0956962910022,1.578983541,0.0
150,10,16.4831836397,0,,0.284733477814,False,propose_addition,Addition,,0.0972091250005,1.676341916,0.0
151,11,16.3932310604,0,,0.22499364967,True,propose_translate,TranslateMove,,0.028051250003,1.704547708,1.0
152,12,16.3932310604,0,,0.177787813292,False,propose_addition,Addition,,0.0975653340029,1.802227416,0.0
153,13,16.3932310604,0,,0.140486216396,False,propose_translate,TranslateMove,,0.0269750420011,1.829351333,0.0
154,14,16.3932310604,0,,0.111010854073,,propose_relation_plane_change,,,0.000497625002026,1.829969,
155,15,16.3932310604,0,,0.0877197068729,False,propose_translate,TranslateMove,,0.0257749170014,1.855802583,0.0
156,16,16.3932310604,0,,0.0693152668552,False,propose_addition,Addition,,0.0934892500009,1.949404833,0.0
157,17,16.3932310604,0,,0.0547722557505,False,propose_addition,Addition,,0.0955616669999,2.045117125,0.0
158,18,16.3932310604,0,,0.0432805085533,False,propose_addition,Addition,,0.0964811250014,2.141760083,0.0
159,19,16.3932310604,0,,0.0341998406851,,propose_resample,,,0.000374833001842,2.142288875,
160,20,16.3932310604,0,,0.0270243844628,False,propose_addition,Addition,,0.102662041001,2.245017625,0.0
161,21,16.3932310604,0,,0.0213544081189,False,propose_addition,Addition,,0.0945684170001,2.339766166,0.0
162,22,16.3932310604,0,,0.0168740474639,False,propose_addition,Addition,,0.0949606249997,2.434868041,0.0
163,23,16.3932310604,0,,0.0133337096598,False,propose_addition,Addition,,0.0940339160006,2.529068666,0.0
164,24,16.3932310604,0,,0.0105361688518,False,propose_addition,Addition,,0.095014874998,2.624239208,0.0
165,25,16.3932310604,0,,0.00832557907026,,propose_relation_plane_change,,,0.000553415997274,2.624943125,
166,26,16.3932310604,0,,0.00657879233243,,propose_rotate,,,0.000306542002363,2.625313666,
167,27,16.3932310604,0,,0.00519849828919,False,propose_addition,Addition,,0.0958277919999,2.721194125,0.0
168,28,16.3932310604,0,,0.00410780324065,False,propose_addition,Addition,,0.0953766249986,2.81673475,0.0
169,29,16.3932310604,0,,0.00324594652632,False,propose_addition,Addition,,0.0938208330008,2.910706625,0.0
170,30,16.3932310604,0,,0.00256491565796,False,propose_addition,Addition,,0.094951209001,3.005808375,0.0
171,31,16.3932310604,0,,0.00202677163012,False,propose_translate,TranslateMove,,0.0269636250014,3.032919541,0.0
172,32,16.3932310604,0,,0.0016015354064,False,propose_addition,Addition,,0.0972786250022,3.130313625,0.0
173,33,16.3923429583,0,,0.0012655178412,True,propose_translate,TranslateMove,,0.0214197090027,3.151879625,0.0
174,34,16.390897886,0,,0.001,True,propose_translate,TranslateMove,,0.0208352500013,3.172836541,0.0
175,35,16.390897886,0,,0.001,False,propose_addition,Addition,,0.0966966669985,3.26966625,0.0
176,36,16.390897886,0,,0.001,,propose_resample,,,0.000384915998438,3.270212041,
177,37,16.390897886,0,,0.001,False,propose_translate,TranslateMove,,0.0269237079992,3.297201458,0.0
178,38,16.390897886,0,,0.001,False,propose_reinit_pose,ReinitPoseMove,,0.0271099589991,3.324426625,0.0
179,39,16.390897886,0,,0.001,,propose_relation_plane_change,,,0.000502292001329,3.32503875,
180,0,16.3908978869,0,,3.0,,propose_relation_plane_change,,,0.0003040829979,0.349698374997,
181,1,16.3908978869,0,,2.37057108349,,propose_reinit_pose,,,0.000247666001087,0.350079374999,
182,2,16.3908978869,0,,1.87320242063,,propose_addition,,,0.0325694169987,0.382705374999,
183,3,16.3908978869,0,,1.48018649729,,propose_addition,,,0.0320238749991,0.414837583998,
184,4,16.3908978869,0,,1.16962910289,,propose_deletion,,,0.0309181660014,0.445860041997,
185,5,16.3908978869,0,,0.92422964324,,propose_addition,,,0.0320322499974,0.478001583997,
186,6,16.3908978869,0,,0.730317355591,,propose_relation_plane_change,,,0.000322874999256,0.478422249998,
187,7,16.3908978869,0,,0.577089734979,,propose_addition,,,0.0320169999977,0.510494874998,
188,8,16.3908978869,0,,0.456010746108,,propose_relation_plane_change,,,0.000318667000101,0.510905374998,
189,9,16.3908978869,0,,0.360335296162,,propose_relation_plane_change,,,0.000285999998596,0.511244374997,
190,10,16.3908978869,0,,0.284733477814,,propose_addition,,,0.0320179580012,0.543310749999,
191,11,16.3908978869,0,,0.22499364967,,propose_addition,,,0.0319531249988,0.575351124997,
192,12,16.3908978869,0,,0.177787813292,,propose_addition,,,0.0319276669979,0.607376166998,
193,13,16.3908978869,0,,0.140486216396,,propose_addition,,,0.0311115420009,0.638585083998,
194,14,16.3908978869,0,,0.111010854073,,propose_addition,,,0.0308694580017,0.669552833999,
195,15,16.3908978869,0,,0.0877197068729,,propose_addition,,,0.0323429169985,0.701991749997,
196,16,16.3908978869,0,,0.0693152668552,,propose_addition,,,0.0313712090028,0.73350975,
197,17,16.3908978869,0,,0.0547722557505,,propose_addition,,,0.0314099999996,0.765034999997,
198,18,16.3908978869,0,,0.0432805085533,,propose_relation_plane_change,,,0.000319458999002,0.765476249999,
199,19,16.3908978869,0,,0.0341998406851,,propose_addition,,,0.0312449170015,0.796779791999,
200,20,16.3908978869,0,,0.0270243844628,,propose_addition,,,0.0309647079994,0.827876791998,
201,21,16.3908978869,0,,0.0213544081189,,propose_addition,,,0.0309568330013,0.858990708999,
202,22,16.3908978869,0,,0.0168740474639,,propose_addition,,,0.0308396250002,0.889936291998,
203,23,16.3908978869,0,,0.0133337096598,,propose_addition,,,0.0317009169994,0.921742249997,
204,24,16.3908978869,0,,0.0105361688518,,propose_addition,,,0.0319001669995,0.953764291997,
205,25,16.3908978869,0,,0.00832557907026,,propose_addition,,,0.031330834001,0.985232166997,
206,26,16.3908978869,0,,0.00657879233243,,propose_reinit_pose,,,0.000272125002084,0.985615124999,
207,27,16.3908978869,0,,0.00519849828919,,propose_rotate,,,0.000253000001976,0.985928624999,
208,28,16.3908978869,0,,0.00410780324065,,propose_addition,,,0.0313427500005,1.017324542,
209,29,16.3908978869,0,,0.00324594652632,,propose_addition,,,0.0311040839988,1.04852775,
210,30,16.3908978869,0,,0.00256491565796,,propose_rotate,,,0.000273792000371,1.048924417,
211,31,16.3908978869,0,,0.00202677163012,,propose_addition,,,0.0308928329978,1.079878167,
212,32,16.3908978869,0,,0.0016015354064,,propose_addition,,,0.0307301249995,1.110711084,
213,33,16.3908978869,0,,0.0012655178412,,propose_rotate,,,0.000284458001261,1.111100209,
214,34,16.3908978869,0,,0.001,,propose_reinit_pose,,,0.000239958000748,1.111397667,
215,35,16.3908978869,0,,0.001,,propose_translate,,,0.000236125000811,1.111683292,
216,36,16.3908978869,0,,0.001,,propose_reinit_pose,,,0.00023662500098,1.11196775,
217,37,16.3908978869,0,,0.001,,propose_reinit_pose,,,0.000235916999372,1.112251167,
218,38,16.3908978869,0,,0.001,,propose_addition,,,0.0312527079986,1.143550459,
219,39,16.3908978869,0,,0.001,,propose_reinit_pose,,,0.000272084002063,1.14391825,
220,0,16.3908978869,0,,3.0,,propose_addition,,,0.0328837500019,0.370278959002,
221,1,16.3908978869,0,,2.37057108349,,propose_addition,,,0.0322372919982,0.402662042001,
222,2,16.3908978869,0,,1.87320242063,,propose_addition,,,0.032273249999,0.435050334003,
223,3,16.3908978869,0,,1.48018649729,,propose_addition,,,0.0321956249973,0.467350209001,
224,4,16.3908978869,0,,1.16962910289,,propose_addition,,,0.0320862920016,0.499538375003,
225,5,16.3908978869,0,,0.92422964324,,propose_deletion,,,0.0310272909992,0.530670250002,
226,6,16.3908978869,0,,0.730317355591,,propose_addition,,,0.0320845830029,0.562862084,
227,7,16.3908978869,0,,0.577089734979,,propose_addition,,,0.032271832999,0.595229375002,
228,8,16.3908978869,0,,0.456010746108,,propose_addition,,,0.031246999999,0.626574459002,
229,9,16.3908978869,0,,0.360335296162,,propose_relation_plane_change,,,0.000314708002406,0.627012292,
230,10,16.3908978869,0,,0.284733477814,,propose_deletion,,,0.029814417001,0.656886167002,
231,11,16.3908978869,0,,0.22499364967,,propose_addition,,,0.0310890410001,0.688087625,
232,12,16.3908978869,0,,0.177787813292,,propose_addition,,,0.0308485420028,0.719062375003,
233,13,16.3908978869,0,,0.140486216396,,propose_addition,,,0.0308336250018,0.750005125003,
234,14,16.3908978869,0,,0.111010854073,,propose_addition,,,0.0308252499999,0.780930334,
235,15,16.3908978869,0,,0.0877197068729,,propose_translate,,,0.000278458999674,0.781310542003,
236,16,16.3908978869,0,,0.0693152668552,,propose_addition,,,0.0312837919992,0.812651084001,
237,17,16.3908978869,0,,0.0547722557505,,propose_addition,,,0.0313040000001,0.844073,
238,18,16.3908978869,0,,0.0432805085533,,propose_addition,,,0.0312895839998,0.875472750002,
239,19,16.3908978869,0,,0.0341998406851,,propose_translate,,,0.000284249999822,0.875860833999,
240,20,16.3908978869,0,,0.0270243844628,,propose_addition,,,0.0312835420009,0.907202292001,
241,21,16.3908978869,0,,0.0213544081189,,propose_rotate,,,0.000266874998488,0.907604459,
242,22,16.3908978869,0,,0.0168740474639,,propose_addition,,,0.0311311250007,0.938791334,
243,23,16.3908978869,0,,0.0133337096598,,propose_addition,,,0.0313500000011,0.970239959002,
244,24,16.3908978869,0,,0.0105361688518,,propose_addition,,,0.031330875001,1.001667209,
245,25,16.3908978869,0,,0.00832557907026,,propose_addition,,,0.0312787500006,1.033039167,
246,26,16.3908978869,0,,0.00657879233243,,propose_relation_plane_change,,,0.000317124999128,1.033473292,
247,27,16.3908978869,0,,0.00519849828919,,propose_reinit_pose,,,0.000242540998443,1.033777042,
248,28,16.3908978869,0,,0.00410780324065,,propose_addition,,,0.0309166670013,1.064745167,
249,29,16.3908978869,0,,0.00324594652632,,propose_translate,,,0.000293917000818,1.065136459,
250,30,16.3908978869,0,,0.00256491565796,,propose_addition,,,0.0313730419984,1.096604417,
251,31,16.3908978869,0,,0.00202677163012,,propose_relation_plane_change,,,0.000314624998282,1.097034875,
252,32,16.3908978869,0,,0.0016015354064,,propose_rotate,,,0.000247457999649,1.097344542,
253,33,16.3908978869,0,,0.0012655178412,,propose_addition,,,0.0313201669996,1.128717167,
254,34,16.3908978869,0,,0.001,,propose_addition,,,0.0312232920005,1.160045625,
255,35,16.3908978869,0,,0.001,,propose_addition,,,0.0311649579999,1.191308084,
256,36,16.3908978869,0,,0.001,,propose_rotate,,,0.00027775000126,1.191682292,
257,37,16.3908978869,0,,0.001,,propose_relation_plane_change,,,0.000279374999081,1.192015959,
258,38,16.3908978869,0,,0.001,,propose_translate,,,0.000242999998591,1.192312792,
259,39,16.3908978869,0,,0.001,,propose_reinit_pose,,,0.000238500000705,1.192601,
260,0,16.3908978869,0,,3.0,,propose_addition,,,0.0323851249996,0.369931916,
261,1,16.3908978869,0,,2.37057108349,,propose_addition,,,0.0319249169988,0.401994583,
262,2,16.3908978869,0,,1.87320242063,,propose_addition,,,0.0320277089995,0.434137249998,
263,3,16.3908978869,0,,1.48018649729,,propose_addition,,,0.0319467500012,0.466195458001,
264,4,16.3908978869,0,,1.16962910289,,propose_addition,,,0.0319191250019,0.498212750001,
265,5,16.3908978869,0,,0.92422964324,,propose_reinit_pose,,,0.000276833001408,0.49858575,
266,6,16.3908978869,0,,0.730317355591,,propose_reinit_pose,,,0.000247625001066,0.498889166,
267,7,16.3908978869,0,,0.577089734979,,propose_addition,,,0.032024958,0.530961082997,
268,8,16.3908978869,0,,0.456010746108,,propose_addition,,,0.0319025000026,0.562956291,
269,9,16.3908978869,0,,0.360335296162,,propose_addition,,,0.0318817919979,0.594926540998,
270,10,16.3908978869,0,,0.284733477814,,propose_addition,,,0.0309459579985,0.625966874999,
271,11,16.3908978869,0,,0.22499364967,,propose_addition,,,0.0309986250031,0.657060499998,
272,12,16.3908978869,0,,0.177787813292,,propose_addition,,,0.0782158750008,0.735372208001,
273,13,16.3908978869,0,,0.140486216396,,propose_addition,,,0.0311780000011,0.766666083,
274,14,16.3908978869,0,,0.111010854073,,propose_addition,,,0.0316229579985,0.798386540999,
275,15,16.3908978869,0,,0.0877197068729,,propose_addition,,,0.0308752499986,0.829395624998,
276,16,16.3908978869,0,,0.0693152668552,,propose_addition,,,0.0311472499998,0.860657458001,
277,17,16.3908978869,0,,0.0547722557505,,propose_addition,,,0.0315341669993,0.892307415997,
278,18,16.3908978869,0,,0.0432805085533,,propose_addition,,,0.0309087499991,0.923331540998,
279,19,16.3908978869,0,,0.0341998406851,,propose_addition,,,0.0312809579991,0.954716041,
280,20,16.3908978869,0,,0.0270243844628,,propose_addition,,,0.0310899159995,0.985929957998,
281,21,16.3908978869,0,,0.0213544081189,,propose_addition,,,0.0318084579994,1.01787925,
282,22,16.3908978869,0,,0.0168740474639,,propose_addition,,,0.0314455830012,1.049471833,
283,23,16.3908978869,0,,0.0133337096598,,propose_translate,,,0.000275209000392,1.049863333,
284,24,16.3908978869,0,,0.0105361688518,,propose_addition,,,0.0313483329992,1.081272916,
285,25,16.3908978869,0,,0.00832557907026,,propose_translate,,,0.000272165998467,1.081644708,
286,26,16.3908978869,0,,0.00657879233243,,propose_addition,,,0.0312527499991,1.112953833,
287,27,16.3908978869,0,,0.00519849828919,,propose_addition,,,0.0311453750001,1.144209666,
288,28,16.3908978869,0,,0.00410780324065,,propose_addition,,,0.0313785830003,1.175701125,
289,29,16.3908978869,0,,0.00324594652632,,propose_rotate,,,0.000274750000244,1.176083791,
290,30,16.3908978869,0,,0.00256491565796,,propose_addition,,,0.0313037919987,1.207446791,
291,31,16.3908978869,0,,0.00202677163012,,propose_addition,,,0.0318172080006,1.239392083,
292,32,16.3908978869,0,,0.0016015354064,,propose_addition,,,0.0313377079983,1.270844125,
293,33,16.3908978869,0,,0.0012655178412,,propose_addition,,,0.0313587090022,1.302311083,
294,34,16.3908978869,0,,0.001,,propose_reinit_pose,,,0.00027133399999,1.302690666,
295,35,16.3908978869,0,,0.001,,propose_addition,,,0.0312462090005,1.333994083,
296,36,16.3908978869,0,,0.001,,propose_rotate,,,0.00026733300183,1.334373791,
297,37,16.3908978869,0,,0.001,,propose_translate,,,0.000237833999563,1.334670333,
298,38,16.3908978869,0,,0.001,,propose_translate,,,0.000241000001552,1.334961875,
299,39,16.3908978869,0,,0.001,,propose_reinit_pose,,,0.000238084001467,1.335248541,
300,0,16.3908978869,0,,3.0,,propose_addition,,,0.0321135419981,0.368804416998,
301,1,16.3908978869,0,,2.37057108349,,propose_reinit_pose,,,0.000261582998064,0.369203374998,
302,2,16.3908978869,0,,1.87320242063,,propose_addition,,,0.0322931659975,0.401555124998,
303,3,16.3908978869,0,,1.48018649729,,propose_addition,,,0.0322072500021,0.433879458997,
304,4,16.3908978869,0,,1.16962910289,,propose_addition,,,0.0320980830002,0.466080624999,
305,5,16.3908978869,0,,0.92422964324,,propose_addition,,,0.0322838749998,0.498465749999,
306,6,16.3908978869,0,,0.730317355591,,propose_addition,,,0.0321979580003,0.530771291997,
307,7,16.3908978869,0,,0.577089734979,,propose_addition,,,0.0318282500011,0.562729292,
308,8,16.3908978869,0,,0.456010746108,,propose_addition,,,0.031744666001,0.594582209,
309,9,16.3908978869,0,,0.360335296162,,propose_addition,,,0.0308031250024,0.625487333997,
310,10,16.3908978869,0,,0.284733477814,,propose_addition,,,0.0309741669989,0.656565041998,
311,11,16.3908978869,0,,0.22499364967,,propose_addition,,,0.0307186669997,0.687407041998,
312,12,16.3908978869,0,,0.177787813292,,propose_addition,,,0.0308186250004,0.718327374998,
313,13,16.3908978869,0,,0.140486216396,,propose_addition,,,0.0307065829984,0.749139208998,
314,14,16.3908978869,0,,0.111010854073,,propose_addition,,,0.0306928339996,0.779929583998,
315,15,16.3908978869,0,,0.0877197068729,,propose_addition,,,0.0314485420022,0.811469417,
316,16,16.3908978869,0,,0.0693152668552,,propose_addition,,,0.0310952500004,0.842692708997,
317,17,16.3908978869,0,,0.0547722557505,,propose_addition,,,0.0312199170003,0.874023375,
318,18,16.3908978869,0,,0.0432805085533,,propose_addition,,,0.0311137079989,0.905241666998,
319,19,16.3908978869,0,,0.0341998406851,,propose_addition,,,0.0310718340006,0.936422791998,
320,20,16.3908978869,0,,0.0270243844628,,propose_addition,,,0.0310493750003,0.967575374998,
321,21,16.3908978869,0,,0.0213544081189,,propose_translate,,,0.000265540998953,0.967978291999,
322,22,16.3908978869,0,,0.0168740474639,,propose_addition,,,0.0311537499983,0.999188958998,
323,23,16.3908978869,0,,0.0133337096598,,propose_reinit_pose,,,0.000266083003226,0.999548583997,
324,24,16.3908978869,0,,0.0105361688518,,propose_addition,,,0.0326848330005,1.032288417,
325,25,16.3908978869,0,,0.00832557907026,,propose_reinit_pose,,,0.000313332999212,1.032771,
326,26,16.3908978869,0,,0.00657879233243,,propose_addition,,,0.0338005829981,1.06664925,
327,27,16.3908978869,0,,0.00519849828919,,propose_translate,,,0.000308916001813,1.067132417,
328,28,16.3908978869,0,,0.00410780324065,,propose_addition,,,0.0381649590017,1.105369459,
329,29,16.3908978869,0,,0.00324594652632,,propose_rotate,,,0.000311292002152,1.105870875,
330,30,16.3908978869,0,,0.00256491565796,,propose_addition,,,0.0347430410002,1.140686792,
331,31,16.3908978869,0,,0.00202677163012,,propose_relation_plane_change,,,0.000408957999753,1.141365459,
332,32,16.3908978869,0,,0.0016015354064,,propose_relation_plane_change,,,0.000559374999284,1.14200275,
333,33,16.3908978869,0,,0.0012655178412,,propose_addition,,,0.0338381660004,1.175926292,
334,34,16.3908978869,0,,0.001,,propose_translate,,,0.000284374997136,1.176376167,
335,35,16.3908978869,0,,0.001,,propose_addition,,,0.0331858749996,1.209630167,
336,36,16.3908978869,0,,0.001,,propose_relation_plane_change,,,0.000325917000737,1.210112459,
337,37,16.3908978869,0,,0.001,,propose_addition,,,0.0342632920001,1.24444425,
338,38,16.3908978869,0,,0.001,,propose_rotate,,,0.00029962500048,1.244905417,
339,39,16.3908978869,0,,0.001,,propose_translate,,,0.000246083000093,1.24521975,
340,0,16.3908978869,0,,3.0,,propose_addition,,,0.0323190829986,0.392019833002,
341,1,16.3908978869,0,,2.37057108349,,propose_addition,,,0.0328957499987,0.425119083,
342,2,16.3908978869,0,,1.87320242063,,propose_addition,,,0.0323407079995,0.457592250001,
343,3,16.3908978869,0,,1.48018649729,,propose_addition,,,0.0322765830024,0.489995833002,
344,4,16.3908978869,0,,1.16962910289,,propose_addition,,,0.0328975830016,0.523047958002,
345,5,16.3908978869,0,,0.92422964324,,propose_addition,,,0.0333067499996,0.556514625001,
346,6,16.3908978869,0,,0.730317355591,,propose_reinit_pose,,,0.000297040998703,0.556947166002,
347,7,16.3908978869,0,,0.577089734979,,propose_addition,,,0.0328964580003,0.589912791002,
348,8,16.3908978869,0,,0.456010746108,,propose_addition,,,0.0327275830023,0.622760124999,
349,9,16.3908978869,0,,0.360335296162,,propose_addition,,,0.0328866669988,0.655771500002,
350,10,16.3908978869,0,,0.284733477814,,propose_addition,,,0.0310565830005,0.686975125001,
351,11,16.3908978869,0,,0.22499364967,,propose_addition,,,0.0320393750007,0.719144499999,
352,12,16.3908978869,0,,0.177787813292,,propose_addition,,,0.0319914169995,0.751287166,
353,13,16.3908978869,0,,0.140486216396,,propose_addition,,,0.0314293750016,0.782834624999,
354,14,16.3908978869,0,,0.111010854073,,propose_addition,,,0.0323145000002,0.815258375002,
355,15,16.3908978869,0,,0.0877197068729,,propose_deletion,,,0.0311447499989,0.846552750001,
356,16,16.3908978869,0,,0.0693152668552,,propose_addition,,,0.0317721249994,0.878475541002,
357,17,16.3908978869,0,,0.0547722557505,,propose_translate,,,0.000278208000964,0.878881041001,
358,18,16.3908978869,0,,0.0432805085533,,propose_addition,,,0.0310060420015,0.909945708001,
359,19,16.3908978869,0,,0.0341998406851,,propose_addition,,,0.031524957998,0.941579208,
360,20,16.3908978869,0,,0.0270243844628,,propose_addition,,,0.0314169159974,0.973128375001,
361,21,16.3908978869,0,,0.0213544081189,,propose_relation_plane_change,,,0.000339292000717,0.973640625001,
362,22,16.3908978869,0,,0.0168740474639,,propose_addition,,,0.0319962499998,1.005705666,
363,23,16.3908978869,0,,0.0133337096598,,propose_reinit_pose,,,0.000280291998934,1.006096041,
364,24,16.3908978869,0,,0.0105361688518,,propose_addition,,,0.032168083002,1.038322208,
365,25,16.3908978869,0,,0.00832557907026,,propose_addition,,,0.0312182080015,1.069646333,
366,26,16.3908978869,0,,0.00657879233243,,propose_addition,,,0.0312997500005,1.101044625,
367,27,16.3908978869,0,,0.00519849828919,,propose_addition,,,0.0310295829986,1.132190541,
368,28,16.3908978869,0,,0.00410780324065,,propose_rotate,,,0.000278333998722,1.132602666,
369,29,16.3908978869,0,,0.00324594652632,,propose_addition,,,0.0312571670001,1.163925958,
370,30,16.3908978869,0,,0.00256491565796,,propose_addition,,,0.0312037080002,1.195255375,
371,31,16.3908978869,0,,0.00202677163012,,propose_relation_plane_change,,,0.000307875001454,1.195681041,
372,32,16.3908978869,0,,0.0016015354064,,propose_addition,,,0.0308755000005,1.226618541,
373,33,16.3908978869,0,,0.0012655178412,,propose_addition,,,0.0308583330007,1.257575166,
374,34,16.3908978869,0,,0.001,,propose_relation_plane_change,,,0.000304332999804,1.25797975,
375,35,16.3908978869,0,,0.001,,propose_translate,,,0.000234874998569,1.258272708,
376,36,16.3908978869,0,,0.001,,propose_relation_plane_change,,,0.000267208000878,1.258591416,
377,37,16.3908978869,0,,0.001,,propose_reinit_pose,,,0.000232999998843,1.258873833,
378,38,16.3908978869,0,,0.001,,propose_reinit_pose,,,0.000232333000895,1.259153375,
379,39,16.3908978869,0,,0.001,,propose_translate,,,0.000227874999837,1.259428583,
380,0,16.3908978869,0,,3.0,,propose_addition,,,0.0324190419997,0.368681084001,
381,1,16.3908978869,0,,2.37057108349,,propose_addition,,,0.0319889159982,0.400806959002,
382,2,16.3908978869,0,,1.87320242063,,propose_addition,,,0.0325746250019,0.433484375,
383,3,16.3908978869,0,,1.48018649729,,propose_addition,,,0.032501791,0.466124041999,
384,4,16.3908978869,0,,1.16962910289,,propose_relation_plane_change,,,0.000333791998855,0.4665905,
385,5,16.3908978869,0,,0.92422964324,,propose_addition,,,0.0324049580013,0.499058666999,
386,6,16.3908978869,0,,0.730317355591,,propose_reinit_pose,,,0.000291416999971,0.499470041999,
387,7,16.3908978869,0,,0.577089734979,,propose_deletion,,,0.0314834170022,0.531012334002,
388,8,16.3908978869,0,,0.456010746108,,propose_addition,,,0.0324346249981,0.563565042001,
389,9,16.3908978869,0,,0.360335296162,,propose_deletion,,,0.0312286669978,0.594897584,
390,10,16.3908978869,0,,0.284733477814,,propose_addition,,,0.0331330830013,0.628145750001,
391,11,16.3908978869,0,,0.22499364967,,propose_addition,,,0.0332382919987,0.661551834,
392,12,16.3908978869,0,,0.177787813292,,propose_addition,,,0.0325254579984,0.694243417001,
393,13,16.3908978869,0,,0.140486216396,,propose_addition,,,0.0325129589983,0.726936209001,
394,14,16.3908978869,0,,0.111010854073,,propose_resample,,,0.000345499996911,0.727415292,
395,15,16.3908978869,0,,0.0877197068729,,propose_addition,,,0.0326925410009,0.760170625003,
396,16,16.3908978869,0,,0.0693152668552,,propose_addition,,,0.0966976669988,0.856992834,
397,17,16.3908978869,0,,0.0547722557505,,propose_addition,,,0.0321140839987,0.889250125001,
398,18,16.3908978869,0,,0.0432805085533,,propose_translate,,,0.000278583000181,0.889664334001,
399,19,16.3908978869,0,,0.0341998406851,,propose_addition,,,0.0319334170017,0.921659625001,
400,20,16.3908978869,0,,0.0270243844628,,propose_addition,,,0.0318473330008,0.953638875002,
401,21,16.3908978869,0,,0.0213544081189,,propose_addition,,,0.0317345000003,0.985564334002,
402,22,16.3908978869,0,,0.0168740474639,,propose_addition,,,0.0316590420007,1.017328,
403,23,16.3908978869,0,,0.0133337096598,,propose_addition,,,0.0313962079999,1.048844959,
404,24,16.3908978869,0,,0.0105361688518,,propose_addition,,,0.0314909999979,1.080444042,
405,25,16.3908978869,0,,0.00832557907026,,propose_rotate,,,0.000279042000329,1.080845709,
406,26,16.3908978869,0,,0.00657879233243,,propose_addition,,,0.0316763749979,1.112585625,
407,27,16.3908978869,0,,0.00519849828919,,propose_addition,,,0.031491624999,1.144176959,
408,28,16.3908978869,0,,0.00410780324065,,propose_addition,,,0.032030082999,1.176305959,
409,29,16.3908978869,0,,0.00324594652632,,propose_addition,,,0.032002750002,1.208426209,
410,30,16.3908978869,0,,0.00256491565796,,propose_addition,,,0.0317538330019,1.240305917,
411,31,16.3908978869,0,,0.00202677163012,,propose_addition,,,0.0315933329985,1.272034417,
412,32,16.3908978869,0,,0.0016015354064,,propose_addition,,,0.0315828750026,1.303741834,
413,33,16.3908978869,0,,0.0012655178412,,propose_addition,,,0.0312622079982,1.335120584,
414,34,16.3908978869,0,,0.001,,propose_rotate,,,0.000282458000584,1.335504334,
415,35,16.3908978869,0,,0.001,,propose_translate,,,0.000241458001256,1.335801542,
416,36,16.3908978869,0,,0.001,,propose_addition,,,0.0312310000008,1.367082209,
417,37,16.3908978869,0,,0.001,,propose_translate,,,0.000271833003353,1.367442042,
418,38,16.3908978869,0,,0.001,,propose_translate,,,0.000242624999373,1.367738834,
419,39,16.3908978869,0,,0.001,,propose_reinit_pose,,,0.000241958998231,1.368028792,
420,0,16.3908978869,0,,3.0,,propose_addition,,,0.0324907089998,0.372427458999,
421,1,16.3908978869,0,,2.37057108349,,propose_addition,,,0.0327682499992,0.405330500002,
422,2,16.3908978869,0,,1.87320242063,,propose_addition,,,0.0325704589995,0.438052209,
423,3,16.3908978869,0,,1.48018649729,,propose_addition,,,0.0324351249983,0.470608916999,
424,4,16.3908978869,0,,1.16962910289,,propose_addition,,,0.0326042500019,0.503320749998,
425,5,16.3908978869,0,,0.92422964324,,propose_addition,,,0.0323831250025,0.535805791998,
426,6,16.3908978869,0,,0.730317355591,,propose_addition,,,0.0323927909994,0.568293417,
427,7,16.3908978869,0,,0.577089734979,,propose_addition,,,0.0324936669967,0.600880167,
428,8,16.3908978869,0,,0.456010746108,,propose_addition,,,0.0317893329993,0.632793875,
429,9,16.3908978869,0,,0.360335296162,,propose_addition,,,0.0311919590022,0.664155792001,
430,10,16.3908978869,0,,0.284733477814,,propose_addition,,,0.0309878340013,0.695252500002,
431,11,16.3908978869,0,,0.22499364967,,propose_addition,,,0.0309752920002,0.726328249999,
432,12,16.3908978869,0,,0.177787813292,,propose_addition,,,0.0308561250022,0.757280999998,
433,13,16.3908978869,0,,0.140486216396,,propose_addition,,,0.030882957999,0.788259917001,
434,14,16.3908978869,0,,0.111010854073,,propose_addition,,,0.0316622499995,0.820010333999,
435,15,16.3908978869,0,,0.0877197068729,,propose_addition,,,0.0313756670002,0.85151475,
436,16,16.3908978869,0,,0.0693152668552,,propose_relation_plane_change,,,0.000312332998874,0.851932583999,
437,17,16.3908978869,0,,0.0547722557505,,propose_translate,,,0.000244874998316,0.852234624999,
438,18,16.3908978869,0,,0.0432805085533,,propose_addition,,,0.0310855839998,0.883371667001,
439,19,16.3908978869,0,,0.0341998406851,,propose_addition,,,0.0312016659991,0.914666459001,
440,20,16.3908978869,0,,0.0270243844628,,propose_addition,,,0.0310122910014,0.945781292001,
441,21,16.3908978869,0,,0.0213544081189,,propose_addition,,,0.0310145410003,0.976926874999,
442,22,16.3908978869,0,,0.0168740474639,,propose_addition,,,0.031342708,1.008358667,
443,23,16.3908978869,0,,0.0133337096598,,propose_addition,,,0.0315573749976,1.040032709,
444,24,16.3908978869,0,,0.0105361688518,,propose_addition,,,0.0313468329987,1.071493334,
445,25,16.3908978869,0,,0.00832557907026,,propose_addition,,,0.0310192910001,1.102611292,
446,26,16.3908978869,0,,0.00657879233243,,propose_addition,,,0.0309366250003,1.133636875,
447,27,16.3908978869,0,,0.00519849828919,,propose_addition,,,0.0309612500023,1.164687542,
448,28,16.3908978869,0,,0.00410780324065,,propose_addition,,,0.0314238749997,1.19619975,
449,29,16.3908978869,0,,0.00324594652632,,propose_relation_plane_change,,,0.000321041999996,1.196654667,
450,30,16.3908978869,0,,0.00256491565796,,propose_relation_plane_change,,,0.000285083002382,1.197005334,
451,31,16.3908978869,0,,0.00202677163012,,propose_addition,,,0.0315015419983,1.228561875,
452,32,16.3908978869,0,,0.0016015354064,,propose_relation_plane_change,,,0.000303583001369,1.228961417,
453,33,16.3908978869,0,,0.0012655178412,,propose_addition,,,0.0314912909998,1.260509917,
454,34,16.3908978869,0,,0.001,,propose_translate,,,0.000266375001956,1.2608655,
455,35,16.3908978869,0,,0.001,,propose_reinit_pose,,,0.000236915999267,1.261157167,
456,36,16.3908978869,0,,0.001,,propose_reinit_pose,,,0.000240125002165,1.261446542,
457,37,16.3908978869,0,,0.001,,propose_reinit_pose,,,0.000233916001889,1.261729042,
458,38,16.3908978869,0,,0.001,,propose_relation_plane_change,,,0.000280042000668,1.262057,
459,39,16.3908978869,0,,0.001,,propose_translate,,,0.000240584002313,1.262346625,
460,0,16.3908978869,0,,3.0,,propose_addition,,,0.0325879169977,0.368695665999,
461,1,16.3908978869,0,,2.37057108349,,propose_addition,,,0.0323292499997,0.401160165999,
462,2,16.3908978869,0,,1.87320242063,,propose_relation_plane_change,,,0.000317041998642,0.401602582999,
463,3,16.3908978869,0,,1.48018649729,,propose_addition,,,0.0328622080015,0.434523083,
464,4,16.3908978869,0,,1.16962910289,,propose_deletion,,,0.0313357080013,0.465989790999,
465,5,16.3908978869,0,,0.92422964324,,propose_addition,,,0.0324338329992,0.498533457998,
466,6,16.3908978869,0,,0.730317355591,,propose_addition,,,0.0325025419988,0.531128415998,
467,7,16.3908978869,0,,0.577089734979,,propose_reinit_pose,,,0.00027983399923,0.531503457998,
468,8,16.3908978869,0,,0.456010746108,,propose_deletion,,,0.031451625,0.563008457997,
469,9,16.3908978869,0,,0.360335296162,,propose_addition,,,0.0327164999981,0.595845790998,
470,10,16.3908978869,0,,0.284733477814,,propose_relation_plane_change,,,0.000315875000524,0.596268333,
471,11,16.3908978869,0,,0.22499364967,,propose_addition,,,0.0315095000005,0.627832957998,
472,12,16.3908978869,0,,0.177787813292,,propose_addition,,,0.0316909169997,0.659609040998,
473,13,16.3908978869,0,,0.140486216396,,propose_addition,,,0.031583,0.691321457998,
474,14,16.3908978869,0,,0.111010854073,,propose_addition,,,0.0310742910006,0.722520332998,
475,15,16.3908978869,0,,0.0877197068729,,propose_addition,,,0.0313010419995,0.753924207998,
476,16,16.3908978869,0,,0.0693152668552,,propose_addition,,,0.0310487500028,0.785093874998,
477,17,16.3908978869,0,,0.0547722557505,,propose_addition,,,0.0310901250014,0.816292583,
478,18,16.3908978869,0,,0.0432805085533,,propose_addition,,,0.0310241660009,0.847416832999,
479,19,16.3908978869,0,,0.0341998406851,,propose_addition,,,0.0309814169996,0.878493875,
480,20,16.3908978869,0,,0.0270243844628,,propose_rotate,,,0.000277916999039,0.878867040999,
481,21,16.3908978869,0,,0.0213544081189,,propose_addition,,,0.0310183340007,0.909980916,
482,22,16.3908978869,0,,0.0168740474639,,propose_relation_plane_change,,,0.00030075000177,0.910369290999,
483,23,16.3908978869,0,,0.0133337096598,,propose_relation_plane_change,,,0.000275457998214,0.910698749998,
484,24,16.3908978869,0,,0.0105361688518,,propose_addition,,,0.031533207999,0.942282374999,
485,25,16.3908978869,0,,0.00832557907026,,propose_translate,,,0.000267499999609,0.942664415998,
486,26,16.3908978869,0,,0.00657879233243,,propose_addition,,,0.0315735000004,0.974298416,
487,27,16.3908978869,0,,0.00519849828919,,propose_addition,,,0.0310126250006,1.005411041,
488,28,16.3908978869,0,,0.00410780324065,,propose_rotate,,,0.000266541999736,1.00577025,
489,29,16.3908978869,0,,0.00324594652632,,propose_relation_plane_change,,,0.000281374999759,1.006105916,
490,30,16.3908978869,0,,0.00256491565796,,propose_reinit_pose,,,0.000238291999267,1.006394458,
491,31,16.3908978869,0,,0.00202677163012,,propose_addition,,,0.0309960830018,1.037438083,
492,32,16.3908978869,0,,0.0016015354064,,propose_translate,,,0.00026295799762,1.037788083,
493,33,16.3908978869,0,,0.0012655178412,,propose_addition,,,0.031320500002,1.069159666,
494,34,16.3908978869,0,,0.001,,propose_addition,,,0.0314933750014,1.100754208,
495,35,16.3908978869,0,,0.001,,propose_translate,,,0.000269041996944,1.101116916,
496,36,16.3908978869,0,,0.001,,propose_reinit_pose,,,0.000235875002545,1.101409625,
497,37,16.3908978869,0,,0.001,,propose_reinit_pose,,,0.000237791999098,1.101698333,
498,38,16.3908978869,0,,0.001,,propose_reinit_pose,,,0.000233959002799,1.101982041,
499,39,16.3908978869,0,,0.001,,propose_rotate,,,0.000232792001043,1.102263958,
500,0,16.3908978869,0,,3.0,,propose_addition,,,0.032840459,0.375998833002,
501,1,16.3908978869,0,,2.37057108349,,propose_addition,,,0.0331556249985,0.409357249999,
502,2,16.3908978869,0,,1.87320242063,,propose_addition,,,0.0333514169979,0.442854916,
503,3,16.3908978869,0,,1.48018649729,,propose_addition,,,0.0332770830028,0.476278665999,
504,4,16.3908978869,0,,1.16962910289,,propose_addition,,,0.0334038330002,0.509826665999,
505,5,16.3908978869,0,,0.92422964324,,propose_addition,,,0.0338946250013,0.543867749999,
506,6,16.3908978869,0,,0.730317355591,,propose_addition,,,0.0333455,0.5773715,
507,7,16.3908978869,0,,0.577089734979,,propose_addition,,,0.0332617089989,0.610777500002,
508,8,16.3908978869,0,,0.456010746108,,propose_rotate,,,0.00030016600067,0.611226583002,
509,9,16.3908978869,0,,0.360335296162,,propose_deletion,,,0.0316068329994,0.642898708,
510,10,16.3908978869,0,,0.284733477814,,propose_relation_plane_change,,,0.00034987500112,0.643426958002,
511,11,16.3908978869,0,,0.22499364967,,propose_addition,,,0.0330632920013,0.676562332999,
512,12,16.3908978869,0,,0.177787813292,,propose_translate,,,0.000303000000713,0.677018165999,
513,13,16.3908978869,0,,0.140486216396,,propose_addition,,,0.0339422919969,0.711027833,
514,14,16.3908978869,0,,0.111010854073,,propose_addition,,,0.0330234159992,0.744196583,
515,15,16.3908978869,0,,0.0877197068729,,propose_relation_plane_change,,,0.000329792001139,0.744677416002,
516,16,16.3908978869,0,,0.0693152668552,,propose_addition,,,0.0326462500016,0.777386124999,
517,17,16.3908978869,0,,0.0547722557505,,propose_addition,,,0.0331043750011,0.810623083002,
518,18,16.3908978869,0,,0.0432805085533,,propose_translate,,,0.000285875001282,0.811066582999,
519,19,16.3908978869,0,,0.0341998406851,,propose_reinit_pose,,,0.000240917001065,0.811371791002,
520,20,16.3908978869,0,,0.0270243844628,,propose_addition,,,0.0330851670005,0.84450875,
521,21,16.3908978869,0,,0.0213544081189,,propose_addition,,,0.0328832499981,0.877575166,
522,22,16.3908978869,0,,0.0168740474639,,propose_addition,,,0.0925117080005,0.970223250002,
523,23,16.3908978869,0,,0.0133337096598,,propose_addition,,,0.0344379159978,1.004806625,
524,24,16.3908978869,0,,0.0105361688518,,propose_addition,,,0.0335337920005,1.038489083,
525,25,16.3908978869,0,,0.00832557907026,,propose_addition,,,0.0338663750008,1.072514291,
526,26,16.3908978869,0,,0.00657879233243,,propose_addition,,,0.0342787919981,1.106948083,
527,27,16.3908978869,0,,0.00519849828919,,propose_rotate,,,0.000290708001558,1.107393,
528,28,16.3908978869,0,,0.00410780324065,,propose_reinit_pose,,,0.000244292001298,1.107701916,
529,29,16.3908978869,0,,0.00324594652632,,propose_translate,,,0.000240500001382,1.107993583,
530,30,16.3908978869,0,,0.00256491565796,,propose_relation_plane_change,,,0.00029558299866,1.108336875,
531,31,16.3908978869,0,,0.00202677163012,,propose_addition,,,0.0336400420019,1.14202575,
532,32,16.3908978869,0,,0.0016015354064,,propose_reinit_pose,,,0.000291207998089,1.14246675,
533,33,16.3908978869,0,,0.0012655178412,,propose_addition,,,0.0338479999991,1.176375375,
534,34,16.3908978869,0,,0.001,,propose_translate,,,0.000290291998681,1.176815125,
535,35,16.3908978869,0,,0.001,,propose_addition,,,0.0327039580006,1.209583125,
536,36,16.3908978869,0,,0.001,,propose_rotate,,,0.000295333000395,1.210028291,
537,37,16.3908978869,0,,0.001,,propose_rotate,,,0.000254375001532,1.210346625,
538,38,16.3908978869,0,,0.001,,propose_translate,,,0.00025000000096,1.210649625,
539,39,16.3908978869,0,,0.001,,propose_addition,,,0.0325323750003,1.243231041,
540,0,16.3908978869,0,,3.0,,propose_addition,,,0.0328174159986,0.369650083001,
541,1,16.3908978869,0,,2.37057108349,,propose_deletion,,,0.0313941670029,0.401182250003,
542,2,16.3908978869,0,,1.87320242063,,propose_relation_plane_change,,,0.000321500003338,0.401634292,
543,3,16.3908978869,0,,1.48018649729,,propose_deletion,,,0.0313936669991,0.433087333,
544,4,16.3908978869,0,,1.16962910289,,propose_addition,,,0.0323544159983,0.465540167002,
545,5,16.3908978869,0,,0.92422964324,,propose_addition,,,0.0328522089985,0.498480875001,
546,6,16.3908978869,0,,0.730317355591,,propose_deletion,,,0.0317059170011,0.530309542002,
547,7,16.3908978869,0,,0.577089734979,,propose_relation_plane_change,,,0.000330167000357,0.530759250003,
548,8,16.3908978869,0,,0.456010746108,,propose_translate,,,0.000247416999628,0.531065708001,
549,9,16.3908978869,0,,0.360335296162,,propose_relation_plane_change,,,0.000284499998088,0.531400667001,
550,10,16.3908978869,0,,0.284733477814,,propose_relation_plane_change,,,0.000282916000288,0.531732667001,
551,11,16.3908978869,0,,0.22499364967,,propose_addition,,,0.032640166999,0.564428208003,
552,12,16.3908978869,0,,0.177787813292,,propose_addition,,,0.0324923330008,0.597012667,
553,13,16.3908978869,0,,0.140486216396,,propose_addition,,,0.0317389999982,0.628849125002,
554,14,16.3908978869,0,,0.111010854073,,propose_addition,,,0.0316945420018,0.660637667002,
555,15,16.3908978869,0,,0.0877197068729,,propose_relation_plane_change,,,0.000305375000607,0.661056625002,
556,16,16.3908978869,0,,0.0693152668552,,propose_addition,,,0.0314402499971,0.692555375001,
557,17,16.3908978869,0,,0.0547722557505,,propose_addition,,,0.0313421669998,0.723990583003,
558,18,16.3908978869,0,,0.0432805085533,,propose_addition,,,0.0314504579983,0.755535167002,
559,19,16.3908978869,0,,0.0341998406851,,propose_addition,,,0.0317162920001,0.787341625,
560,20,16.3908978869,0,,0.0270243844628,,propose_addition,,,0.0313142080013,0.81874875,
561,21,16.3908978869,0,,0.0213544081189,,propose_reinit_pose,,,0.000257667001279,0.819131125001,
562,22,16.3908978869,0,,0.0168740474639,,propose_reinit_pose,,,0.00023845800024,0.819423792,
563,23,16.3908978869,0,,0.0133337096598,,propose_addition,,,0.0318584160013,0.851331000002,
564,24,16.3908978869,0,,0.0105361688518,,propose_addition,,,0.0317192500006,0.883176292002,
565,25,16.3908978869,0,,0.00832557907026,,propose_addition,,,0.0317290829989,0.915018333002,
566,26,16.3908978869,0,,0.00657879233243,,propose_addition,,,0.0318158750015,0.946934375002,
567,27,16.3908978869,0,,0.00519849828919,,propose_addition,,,0.031766250002,0.978798458,
568,28,16.3908978869,0,,0.00410780324065,,propose_addition,,,0.0316653750015,1.010565875,
569,29,16.3908978869,0,,0.00324594652632,,propose_translate,,,0.000265750000835,1.010926042,
570,30,16.3908978869,0,,0.00256491565796,,propose_addition,,,0.031590290997,1.04257225,
571,31,16.3908978869,0,,0.00202677163012,,propose_addition,,,0.0315020419985,1.074161167,
572,32,16.3908978869,0,,0.0016015354064,,propose_reinit_pose,,,0.000266874998488,1.074535125,
573,33,16.3908978869,0,,0.0012655178412,,propose_reinit_pose,,,0.000233000002481,1.074825458,
574,34,16.3908978869,0,,0.001,,propose_reinit_pose,,,0.000236833002418,1.075111208,
575,35,16.3908978869,0,,0.001,,propose_addition,,,0.0313065000009,1.106465333,
576,36,16.3908978869,0,,0.001,,propose_resample,,,0.000303041000734,1.10685875,
577,37,16.3908978869,0,,0.001,,propose_translate,,,0.000236083000345,1.107149083,
578,38,16.3908978869,0,,0.001,,propose_resample,,,0.000278415998764,1.107477125,
579,39,16.3908978869,0,,0.001,,propose_resample,,,0.000269832999038,1.107802875,
580,0,16.3908978869,0,,3.0,,propose_addition,,,0.032871708001,0.375955083,
581,1,16.3908978869,0,,0.456010746108,,propose_addition,,,0.0333513330006,0.409458708,
582,2,16.3908978869,0,,0.0693152668552,,propose_addition,,,0.032762625,0.4423905,
583,3,16.3908978869,0,,0.0105361688518,,propose_relation_plane_change,,,0.000278041999991,0.442805291998,
584,4,16.3908978869,0,,0.0016015354064,,propose_addition,,,0.0327953749984,0.475661124998,
585,0,16.3908978869,0,,3.0,,propose_deletion,,,0.0322989589986,0.375721583998,
586,1,16.3908978869,0,,0.456010746108,,propose_addition,Addition,,0.840689541001,1.21659125,5.0
587,2,16.3908978869,0,,0.0693152668552,,propose_addition,Addition,,0.792506667,2.009248542,5.0
588,3,16.3908978869,0,,0.0105361688518,,propose_resample,,,0.000317791997077,2.009705542,
589,4,16.3908978869,0,,0.0016015354064,,propose_translate,,,0.000206208998861,2.009974125,
590,0,16.3908978869,0,,3.0,,propose_addition,,,0.0321611670006,0.377918958999,
591,1,16.3908978869,0,,0.456010746108,,propose_relation_plane_change,,,0.000325917000737,0.391886959002,
592,2,16.3908978869,0,,0.0693152668552,,propose_translate,,,0.000213583000004,0.392197125002,
593,3,16.3908978869,0,,0.0105361688518,,propose_addition,,,0.032208749999,0.424463125,
594,4,16.3908978869,0,,0.0016015354064,,propose_addition,,,0.0320949159977,0.456658250001,
595,0,16.3908978869,0,,3.0,,propose_addition,,,0.0331489579985,0.383137084002,
596,1,16.3908978869,0,,0.456010746108,,propose_deletion,,,0.031565792,0.414894667003,
597,2,16.3908978869,0,,0.0693152668552,,propose_addition,,,0.0326782910015,0.447693584003,
598,3,16.3908978869,0,,0.0105361688518,,propose_reinit_pose,,,0.000236708001466,0.448057709,
599,4,16.3908978869,0,,0.0016015354064,,propose_addition,,,0.0325989579978,0.480713125002,
600,0,16.3908978869,0,,3.0,,propose_resample,,,0.000265624999884,0.340713124999,
601,1,16.3908978869,0,,0.456010746108,,propose_addition,,,0.0323260420009,0.373175500001,
602,2,16.3908978869,0,,0.0693152668552,,propose_addition,,,0.0323302500001,0.405635916999,
603,3,16.3908978869,0,,0.0105361688518,,propose_addition,,,0.0320952500006,0.4378425,
604,4,16.3908978869,0,,0.0016015354064,,propose_translate,,,0.000225292002142,0.438165666998,
605,0,16.3908978869,0,,3.0,,propose_reinit_pose,,,0.000227667002036,0.343187458999,
606,1,16.3908978869,0,,0.456010746108,False,propose_addition,Addition,,0.460316833003,0.803651834001,0.0
607,2,16.3908978869,0,,0.0693152668552,,propose_reinit_pose,,,0.000258083000517,0.804079500002,
608,3,16.3908978869,0,,0.0105361688518,,propose_translate,,,0.000209334000829,0.804355667002,
609,4,16.3908978869,0,,0.0016015354064,False,propose_addition,Addition,,0.246436959002,1.050844625,1.0
610,0,16.3908978869,0,,3.0,,propose_addition,,,0.032371792,0.381351083,
611,1,16.3908978869,0,,0.456010746108,,propose_addition,,,0.0320931669994,0.413639582999,
612,2,16.3908978869,0,,0.0693152668552,,propose_translate,,,0.000230624998949,0.413996832998,
613,3,16.3908978869,0,,0.0105361688518,,propose_addition,,,0.0320666670013,0.446120458,
614,4,16.3908978869,0,,0.0016015354064,,propose_addition,,,0.0327568329994,0.478978540999,
615,0,16.3908978869,0,,3.0,,propose_deletion,,,0.0316138749986,0.377974334002,
616,1,16.3908978869,0,,0.456010746108,,propose_addition,,,0.0329204170012,0.411043709002,
617,2,16.3908978869,0,,0.0693152668552,,propose_addition,,,0.0325694999992,0.443732709002,
618,3,16.3908978869,0,,0.0105361688518,,propose_rotate,,,0.000234040999203,0.444074959003,
619,4,16.3908978869,0,,0.0016015354064,,propose_addition,,,0.032730916002,0.476862459003,
620,0,17.247768163,0,,3.0,True,propose_addition,Addition,,1.584237875,1.925511333,1.0
621,1,17.247768163,0,,0.456010746108,,propose_reinit_pose,,,0.00026970899853,1.925924958,
622,2,17.247768163,0,,0.0693152668552,,propose_addition,Addition,,2.801024875,4.7270115,5.0
623,3,17.247768163,0,,0.0105361688518,,propose_addition,Addition,,3.056082417,7.78327525,5.0
624,4,17.247768163,0,,0.0016015354064,,propose_relation_plane_change,,,0.000398500000301,7.783821708,
625,0,17.247768163,0,,3.0,,propose_addition,,,0.0325964580006,0.380558708002,
626,1,17.247768163,0,,0.456010746108,,propose_addition,,,0.0322900419997,0.427226625001,
627,2,17.247768163,0,,0.0693152668552,,propose_translate,,,0.000238291999267,0.427574458001,
628,3,17.247768163,0,,0.0105361688518,,propose_addition,,,0.0322880410022,0.459918417,
629,4,17.247768163,0,,0.0016015354064,,propose_translate,,,0.000235750001593,0.460256583003,
630,0,17.247768163,0,,3.0,,propose_addition,,,0.0513890000002,0.396296625,
631,1,17.247768163,0,,0.456010746108,,propose_addition,,,0.051056207998,0.447486000001,
632,2,17.247768163,0,,0.0693152668552,,propose_addition,,,0.0514101249973,0.499004917001,
633,3,17.247768163,0,,0.0105361688518,,propose_addition,,,0.0515226250027,0.550672707999,
634,4,17.247768163,0,,0.0016015354064,,propose_addition,,,0.0512727910027,0.602065333002,
635,0,17.2441531512,0,,3.0,True,propose_addition,Addition,,0.425850708001,0.769217917001,0.0
636,1,17.2441531512,0,,0.456010746108,,propose_addition,Addition,,0.872677542,1.6420405,5.0
637,2,17.2441531512,0,,0.0693152668552,,propose_addition,Addition,,0.361184459001,2.003381708,5.0
638,3,17.2417306756,0,,0.0105361688518,True,propose_addition,Addition,,0.0645934580025,2.068133833,0.0
639,4,17.2383764698,0,,0.0016015354064,True,propose_addition,Addition,,0.0610844170005,2.129327167,0.0
640,0,17.2383764698,0,,3.0,,propose_addition,,,0.0522407919998,0.407141334003,
641,1,17.2383764698,0,,0.456010746108,,propose_addition,,,0.0524828340021,0.459766917,
642,2,17.2383764698,0,,0.0693152668552,,propose_addition,,,0.0522599579999,0.512179459001,
643,3,17.2383764698,0,,0.0105361688518,,propose_addition,,,0.0519478339993,0.564251625001,
644,4,17.2383764698,0,,0.0016015354064,,propose_addition,,,0.0518808749985,0.616244042001,
645,0,17.2383764698,0,,3.0,,propose_addition,,,0.0524647920029,0.403906791998,
646,1,17.2383764698,0,,0.456010746108,,propose_addition,,,0.0521153749978,0.456172916998,
647,2,17.2383764698,0,,0.0693152668552,,propose_addition,,,0.0520599169977,0.508346541999,
648,3,17.2383764698,0,,0.0105361688518,,propose_addition,,,0.0518753750002,0.560331417,
649,4,17.2383764698,0,,0.0016015354064,,propose_addition,,,0.0514442499989,0.611874999999,
650,0,17.2383764698,0,,3.0,,propose_addition,,,0.052383000002,0.398999834,
651,1,17.2383764698,0,,0.456010746108,,propose_addition,,,0.0527992499992,0.451939916999,
652,2,17.2383764698,0,,0.0693152668552,,propose_addition,,,0.0524082090014,0.504462834,
653,3,17.2383764698,0,,0.0105361688518,,propose_addition,,,0.0523663330023,0.556931167001,
654,4,17.2383764698,0,,0.0016015354064,,propose_addition,,,0.0519630419985,0.608995999999,
655,0,17.2350276364,0,,3.0,True,propose_addition,Addition,,1.4641245,1.813867709,4.0
656,1,17.2254097319,0,,0.456010746108,True,propose_addition,Addition,,0.481138292002,2.295150625,2.0
657,2,17.2217899146,0,,0.0693152668552,True,propose_addition,Addition,,0.065551165997,2.360815167,0.0
658,3,17.2169690006,0,,0.0105361688518,True,propose_addition,Addition,,0.943071707999,3.304001334,4.0
659,4,17.2141997169,0,,0.0016015354064,True,propose_addition,Addition,,0.697932625,4.002044834,4.0
660,0,17.2141997169,0,,3.0,,propose_addition,,,0.0539189589981,0.4123965,
661,1,17.2141997169,0,,0.456010746108,,propose_addition,,,0.054315292,0.469170666001,
662,2,17.2141997169,0,,0.0693152668552,,propose_addition,,,0.054049792001,0.523348708,
663,3,17.2141997169,0,,0.0105361688518,,propose_addition,,,0.0540905829985,0.577557083001,
664,4,17.2141997169,0,,0.0016015354064,,propose_addition,,,0.0531268749983,0.630784833,
665,0,17.2141997169,0,,3.0,,propose_addition,,,0.0536375419979,0.411586875001,
666,1,17.2141997169,0,,0.456010746108,,propose_addition,,,0.0533981249973,0.465134875001,
667,2,17.2141997169,0,,0.0693152668552,,propose_addition,,,0.0532845419984,0.518536083,
668,3,17.2141997169,0,,0.0105361688518,,propose_addition,,,0.0533991660013,0.572049708,
669,4,17.2141997169,0,,0.0016015354064,,propose_addition,,,0.0528776249994,0.625029875002,
670,0,17.183465887,0,,3.0,True,propose_addition,Addition,,5.181825459,5.535120875,3.0
671,1,17.1676764553,0,,0.456010746108,True,propose_addition,Addition,,1.551675166,7.0893205,3.0
672,2,17.1524534731,0,,0.0693152668552,True,propose_addition,Addition,,0.277565958997,7.36750475,0.0
673,3,17.1524534731,0,,0.0105361688518,,propose_addition,Addition,,2.007988584,9.375651,5.0
674,4,17.1407554122,0,,0.0016015354064,True,propose_addition,Addition,,0.321451,9.697252333,1.0
675,0,17.1407554122,0,,3.0,,propose_addition,,,0.0528134170017,0.419967791,
676,1,17.1407554122,0,,0.456010746108,,propose_addition,,,0.053119958,0.473248165999,
677,2,17.1407554122,0,,0.0693152668552,,propose_addition,,,0.0530079579985,0.526381374999,
678,3,17.1407554122,0,,0.0105361688518,,propose_addition,,,0.0533589999977,0.579854415999,
679,4,17.1407554122,0,,0.0016015354064,,propose_addition,,,0.0521783330005,0.632205332997,
